date,open,high,close,low,volume,price_change,p_change,ma5,ma10,ma20,v_ma5,v_ma10,v_ma20,turnover
2017-10-27,8.96,9.01,8.83,8.81,301956.97,-0.15,-1.67,9.048,9.009,8.857,545161.07,521255.42,390402.33,1.43
2017-10-26,8.99,9.08,8.98,8.95,343288.53,-0.04,-0.44,9.152,9.026,8.852,685102.69,514351.97,386278.83,1.62
2017-10-25,9.0,9.09,9.02,8.88,385561.59,-0.01,-0.11,9.15,9.022,8.845,725018.82,510750.37,385971.29,1.82
2017-10-24,9.2,9.27,9.03,8.95,678535.94,-0.35,-3.73,9.102,9.03,8.832,695341.18,529179.59,380547.34,3.21
2017-10-23,9.7,9.7,9.38,9.35,1016462.31,0.03,0.32,9.09,9.016,8.821,629416.02,489510.79,363074.84,4.8
2017-10-20,9.2,9.62,9.35,9.2,1001665.06,0.38,4.24,8.97,8.962,8.791,497349.78,422628.22,323213.14,4.73
2017-10-19,8.82,9.1,8.97,8.81,542869.19,0.19,2.16,8.9,8.868,8.754,343601.25,336432.81,285682.61,2.56
2017-10-18,8.93,9.0,8.78,8.78,237173.41,-0.19,-2.12,8.894,8.81,8.748,296481.93,299167.48,270502.5,1.12
2017-10-17,8.7,9.16,8.97,8.66,348910.12,0.19,2.16,8.958,8.782,8.75,363018.0,292296.47,272457.44,1.65
2017-10-16,9.2,9.25,8.78,8.72,356131.12,-0.22,-2.44,8.942,8.735,8.748,349605.56,271191.15,280192.74,1.68
2017-10-13,8.94,9.08,9.0,8.9,232922.41,0.06,0.67,8.954,8.705,8.757,347906.66,259549.24,277543.35,1.1
2017-10-12,9.09,9.15,8.94,8.86,307272.59,-0.16,-1.76,8.836,8.677,8.755,329264.36,258205.69,285818.08,1.45
2017-10-11,8.94,9.19,9.1,8.81,569853.75,0.21,2.36,8.726,8.667,8.761,301853.04,261192.2,307593.21,2.69
2017-10-10,8.8,8.98,8.89,8.76,281847.91,0.05,0.57,8.606,8.634,8.77,221574.93,231915.09,354356.98,1.33
2017-10-09,8.53,8.87,8.84,8.5,347636.62,0.43,5.11,8.528,8.626,8.769,192776.74,236638.9,382715.27,1.64
2017-09-29,8.41,8.48,8.41,8.39,139710.95,0.02,0.24,8.456,8.619,8.73,171191.82,223798.06,372594.03,0.66
2017-09-28,8.46,8.54,8.39,8.39,170215.95,-0.11,-1.29,8.518,8.64,8.717,187147.02,234932.41,374846.97,0.8
2017-09-27,8.52,8.63,8.5,8.45,168463.23,0.0,0.0,8.608,8.686,8.701,220531.36,241837.52,374676.83,0.8
2017-09-26,8.48,8.55,8.5,8.41,137856.94,0.02,0.24,8.662,8.718,8.687,242255.25,252618.41,379845.37,0.65
2017-09-25,8.65,8.67,8.48,8.48,239712.02,-0.24,-2.75,8.724,8.76,8.666,280501.06,289194.33,380581.92,1.13
2017-09-22,8.84,8.93,8.72,8.7,219486.94,-0.12,-1.36,8.782,8.809,8.644,276404.3,295537.47,377524.79,1.04
2017-09-21,8.76,8.95,8.84,8.71,337137.69,0.07,0.8,8.762,8.833,8.615,282717.8,313430.47,383500.83,1.59
2017-09-20,8.79,8.8,8.77,8.65,277082.66,-0.04,-0.45,8.764,8.855,8.564,263143.68,353994.21,374004.37,1.31
2017-09-19,8.78,8.93,8.81,8.76,329085.97,0.04,0.46,8.774,8.905,8.521,262981.57,476798.87,371131.72,1.55
2017-09-18,8.62,8.81,8.77,8.6,219228.23,0.15,1.74,8.796,8.911,8.48,297887.6,528791.64,360382.1,1.04
2017-09-15,8.84,8.85,8.62,8.6,251054.45,-0.23,-2.6,8.836,8.84,8.44,314670.63,521390.0,354552.0,1.19
2017-09-14,8.83,8.89,8.85,8.76,239267.09,0.03,0.34,8.904,8.793,8.407,344143.14,514761.53,348839.34,1.13
2017-09-13,8.87,8.92,8.82,8.76,276272.09,-0.1,-1.12,8.946,8.715,8.365,444844.75,507516.14,346384.14,1.3
2017-09-12,9.0,9.06,8.92,8.79,503616.12,-0.05,-0.56,9.036,8.655,8.319,690616.18,507072.33,339916.17,2.38
2017-09-11,8.93,9.11,8.97,8.91,303143.41,0.01,0.11,9.026,8.571,8.265,759695.69,471969.51,331794.98,1.43
2017-09-08,9.07,9.1,8.96,8.92,398417.0,-0.1,-1.1,8.844,8.478,8.243,728109.37,459512.11,326276.39,1.88
2017-09-07,9.15,9.28,9.06,9.0,742775.12,-0.21,-2.27,8.682,8.397,8.216,685379.92,453571.19,313153.67,3.51
2017-09-06,8.94,9.44,9.27,8.88,1505129.25,0.4,4.51,8.484,8.273,8.184,570187.53,394014.53,286314.98,7.11
2017-09-05,8.3,8.87,8.87,8.28,849013.69,0.81,10.05,8.274,8.136,8.15,323528.48,265464.56,220361.33,4.01
2017-08-04,8.13,8.15,8.06,8.06,145211.77,-0.09,-1.1,8.116,8.048,8.145,184243.33,191972.57,186762.1,0.69
2017-08-03,8.06,8.23,8.15,8.05,184769.78,0.08,0.99,8.112,8.039,8.186,190914.84,187714.0,188357.8,0.87
2017-08-02,8.22,8.22,8.07,8.06,166813.14,-0.15,-1.82,8.112,8.021,8.227,221762.45,182917.15,200308.27,0.79
2017-08-01,8.07,8.25,8.22,8.03,271834.0,0.14,1.73,8.062,8.014,8.26,217841.54,185252.15,204174.36,1.28
2017-07-31,8.04,8.11,8.08,8.0,152587.94,0.04,0.5,7.998,7.983,8.28,207400.64,172760.02,198989.31,0.72
2017-07-28,8.15,8.15,8.04,8.01,178569.36,-0.11,-1.35,7.98,7.958,8.313,199701.8,191620.45,201681.9,0.84
2017-07-27,7.8,8.22,8.15,7.74,339007.81,0.33,4.22,7.966,8.008,8.342,184513.16,193040.68,201014.52,1.6
2017-07-26,7.89,7.93,7.82,7.76,147208.59,-0.08,-1.01,7.93,8.034,8.366,144071.85,172736.16,191227.44,0.7
2017-07-25,8.0,8.07,7.9,7.82,219629.52,-0.09,-1.13,7.966,8.095,8.405,152662.76,178615.43,190658.91,1.04
2017-07-24,7.98,8.05,7.99,7.95,114093.74,0.02,0.25,7.968,8.163,8.443,138119.4,175258.1,187523.65,0.54
2017-07-21,7.93,8.04,7.97,7.93,102626.14,0.0,0.0,7.936,8.241,8.477,183539.1,181551.63,190672.09,0.48
2017-07-20,8.0,8.07,7.97,7.95,136801.27,-0.03,-0.38,8.05,8.333,8.505,201568.2,189001.6,194089.93,0.65
2017-07-19,7.91,8.04,8.0,7.82,190163.14,0.09,1.14,8.138,8.432,8.53,201400.48,217699.39,199091.9,0.9
2017-07-18,7.83,7.98,7.91,7.8,146912.69,0.08,1.02,8.224,8.505,8.56,204568.09,223096.57,198057.48,0.69
2017-07-17,8.5,8.5,7.83,7.83,341192.25,-0.71,-8.31,8.358,8.577,8.6,212396.8,225218.59,198874.61,1.61
2017-07-14,8.41,8.63,8.54,8.35,192771.64,0.13,1.55,8.546,8.667,8.643,179564.16,211743.35,188438.61,0.91
2017-07-13,8.41,8.45,8.41,8.36,135962.66,-0.02,-0.24,8.616,8.676,8.649,176435.0,208988.36,187640.4,0.64
2017-07-12,8.55,8.6,8.43,8.33,206001.23,-0.15,-1.75,8.726,8.697,8.666,233998.3,209718.72,196507.29,0.97
2017-07-11,8.75,8.79,8.58,8.57,186056.23,-0.19,-2.17,8.786,8.714,8.672,241625.05,202702.39,193009.07,0.88
2017-07-10,8.91,8.96,8.77,8.76,177029.02,-0.12,-1.35,8.796,8.722,8.671,238040.38,199789.19,191973.55,0.84
2017-07-07,8.91,8.94,8.89,8.85,177125.88,-0.07,-0.78,8.788,8.712,8.652,243922.54,199792.56,189887.62,0.84
2017-07-06,8.75,9.0,8.96,8.73,423779.12,0.23,2.63,8.736,8.677,8.635,241541.71,199178.26,189309.08,2.0
2017-07-05,8.61,8.75,8.73,8.6,244135.02,0.1,1.16,8.668,8.627,8.616,185439.14,180484.41,177686.21,1.15
2017-07-04,8.71,8.74,8.63,8.58,168132.88,-0.1,-1.15,8.642,8.614,8.61,163779.73,173018.38,180029.2,0.79
2017-07-03,8.63,8.73,8.73,8.58,206439.8,0.1,1.16,8.648,8.623,8.598,161538.0,172530.62,177173.23,0.98
2017-06-30,8.58,8.72,8.63,8.56,165221.75,0.01,0.12,8.636,8.619,8.582,155662.57,165133.87,177097.27,0.78
2017-06-29,8.62,8.69,8.62,8.58,143266.27,0.02,0.23,8.618,8.621,8.569,156814.81,166292.45,177940.34,0.68
2017-06-28,8.62,8.72,8.6,8.57,135837.97,-0.06,-0.69,8.586,8.635,8.54,175529.67,183295.85,177546.34,0.64
2017-06-27,8.66,8.71,8.66,8.58,156924.2,-0.01,-0.12,8.586,8.63,8.524,182257.02,183315.75,178760.56,0.74
2017-06-26,8.56,8.68,8.67,8.53,177062.66,0.13,1.52,8.598,8.62,8.509,183523.24,184157.91,181350.58,0.84
2017-06-23,8.45,8.68,8.54,8.4,170982.95,0.08,0.95,8.602,8.592,8.49,174605.16,179982.69,181464.36,0.81
2017-06-22,8.6,8.71,8.46,8.44,236840.56,-0.14,-1.63,8.624,8.593,8.471,175770.09,179439.9,179899.15,1.12
2017-06-21,8.76,8.79,8.6,8.55,169474.72,-0.12,-1.38,8.684,8.605,8.448,191062.04,174888.0,175838.51,0.8
2017-06-20,8.74,8.84,8.72,8.7,163255.31,0.03,0.34,8.674,8.605,8.423,184374.47,187040.03,174559.43,0.77
2017-06-19,8.62,8.73,8.69,8.62,132472.28,0.04,0.46,8.642,8.572,8.407,184792.57,181815.85,172573.37,0.63
2017-06-16,8.77,8.77,8.65,8.6,176807.56,-0.11,-1.26,8.582,8.544,8.39,185360.21,189060.68,172605.63,0.84
2017-06-15,8.5,8.88,8.76,8.49,313300.31,0.21,2.46,8.562,8.516,8.377,183109.72,189588.23,175035.7,1.49
2017-06-14,8.57,8.63,8.55,8.5,136036.91,-0.01,-0.12,8.526,8.445,8.362,158713.97,171796.84,173766.93,0.65
2017-06-13,8.38,8.62,8.56,8.38,165345.81,0.17,2.03,8.536,8.417,8.337,189705.58,174205.37,175470.07,0.78
2017-06-12,8.46,8.53,8.39,8.38,135310.47,-0.16,-1.87,8.502,8.398,8.309,178839.12,178543.26,174580.2,0.64
2017-06-09,8.56,8.6,8.55,8.43,165555.09,-0.03,-0.35,8.506,8.388,8.289,192761.14,182946.03,178856.28,0.79
2017-06-08,8.58,8.65,8.58,8.51,191321.58,-0.02,-0.23,8.47,8.349,8.264,196066.73,180358.39,181923.48,0.91
2017-06-07,8.4,8.64,8.6,8.38,290994.94,0.21,2.5,8.364,8.291,8.251,184879.7,176789.02,180549.21,1.38
2017-06-06,8.4,8.47,8.39,8.34,111013.54,-0.02,-0.24,8.298,8.241,8.23,158705.16,162078.84,174791.76,0.53
2017-06-05,8.35,8.48,8.41,8.26,204920.56,0.12,1.45,8.294,8.242,8.231,178247.39,163330.89,176424.12,0.97
2017-06-02,8.05,8.39,8.37,8.02,182083.05,0.32,3.98,8.27,8.236,8.24,173130.92,156150.58,172479.76,0.86
2017-06-01,8.22,8.3,8.05,8.03,135386.42,-0.22,-2.66,8.228,8.238,8.256,164650.05,160483.17,168442.84,0.64
2017-05-31,8.51,8.58,8.27,8.26,160122.25,-0.1,-1.2,8.218,8.278,8.291,168698.35,175737.03,166563.95,0.76
2017-05-26,8.35,8.52,8.37,8.23,208724.66,0.08,0.96,8.184,8.256,8.315,165452.51,176734.76,167140.43,0.99
2017-05-25,8.14,8.33,8.29,8.03,179338.2,0.13,1.59,8.19,8.219,8.337,148414.39,170617.14,178237.5,0.85
2017-05-24,8.06,8.16,8.16,7.8,139678.73,0.16,2.0,8.202,8.19,8.357,139170.25,174766.53,195988.17,0.66
2017-05-23,8.14,8.28,8.0,8.0,155627.89,-0.1,-1.24,8.248,8.178,8.428,156316.3,183488.56,194223.64,0.74
2017-05-22,8.38,8.39,8.1,8.04,143893.05,-0.3,-3.57,8.338,8.211,8.506,182775.71,184309.4,193572.54,0.68
2017-05-19,8.35,8.48,8.4,8.33,123534.09,0.05,0.6,8.328,8.219,8.599,188017.01,187504.68,189869.82,0.59
2017-05-18,8.3,8.45,8.35,8.29,133117.5,-0.04,-0.48,8.248,8.219,8.675,192819.89,189517.35,188221.21,0.63
2017-05-17,8.4,8.52,8.39,8.36,225408.95,-0.06,-0.71,8.178,8.244,8.757,210362.8,188808.93,190262.56,1.07
2017-05-16,8.06,8.47,8.45,7.93,287924.97,0.4,4.97,8.108,8.273,8.843,210660.82,176402.51,185209.68,1.37
2017-05-15,8.03,8.25,8.05,8.03,170099.56,0.05,0.62,8.084,8.304,8.931,185843.08,157390.88,178437.36,0.81
2017-05-12,8.0,8.06,8.0,7.84,147548.48,0.0,0.0,8.11,8.374,9.043,186992.34,157546.1,179974.57,0.7
2017-05-11,7.96,8.14,8.0,7.75,220832.05,-0.04,-0.5,8.19,8.454,9.17,186214.8,185857.86,179295.24,1.05
2017-05-10,8.33,8.4,8.04,7.94,226899.05,-0.29,-3.48,8.31,8.524,9.299,167255.05,217209.82,183243.68,1.08
2017-05-09,8.16,8.41,8.33,8.12,163836.28,0.15,1.83,8.438,8.677,9.424,142144.2,204958.73,185183.06,0.78
2017-05-08,8.37,8.44,8.18,8.15,175845.84,-0.22,-2.62,8.524,8.801,9.54,128938.67,202835.68,193453.06,0.83
2017-05-05,8.59,8.59,8.4,8.4,143660.77,-0.2,-2.33,8.638,8.979,9.647,128099.86,192234.97,190463.62,0.68
2017-05-04,8.66,8.74,8.6,8.57,126033.32,-0.08,-0.92,8.718,9.131,9.747,185500.93,186925.08,188889.7,0.6
2017-05-03,8.75,8.8,8.68,8.64,101344.77,-0.08,-0.91,8.738,9.27,9.835,267164.59,191716.2,191884.55,0.48
2017-05-02,8.71,8.84,8.76,8.7,97808.63,0.01,0.11,8.916,9.413,9.91,267773.26,194016.84,194976.57,0.46
2017-04-28,8.68,8.84,8.75,8.62,171651.8,-0.05,-0.57,9.078,9.558,9.983,276732.7,199483.85,200038.81,0.81
2017-04-27,8.6,9.0,8.8,8.17,430666.12,0.1,1.15,9.32,9.711,10.068,256370.08,202403.04,197214.8,2.04
2017-04-26,9.57,9.64,8.7,8.61,534351.62,-0.87,-9.09,9.544,9.885,10.153,188349.23,172732.62,183195.87,2.54
2017-04-25,9.58,9.74,9.57,9.53,104388.15,0.0,0.0,9.802,10.073,10.246,116267.81,149277.54,163299.89,0.5
2017-04-24,9.98,9.98,9.57,9.56,142605.81,-0.39,-3.92,9.91,10.171,10.299,120260.42,165407.39,164810.01,0.68
2017-04-21,9.92,9.99,9.96,9.91,69838.7,0.04,0.4,10.038,10.278,10.352,122234.99,184070.43,164960.65,0.33
2017-04-20,10.0,10.05,9.92,9.88,90561.85,-0.07,-0.7,10.102,10.315,10.386,148436.01,188692.27,172837.85,0.43
2017-04-19,10.08,10.09,9.99,9.86,173944.56,-0.12,-1.19,10.226,10.362,10.433,157116.01,190854.33,173556.06,0.83
2017-04-18,10.19,10.24,10.11,10.04,124351.18,-0.1,-0.98,10.344,10.4,10.478,182287.28,192052.9,172438.32,0.59
2017-04-17,10.29,10.29,10.21,10.11,152478.66,-0.07,-0.68,10.432,10.407,10.521,210554.36,195936.3,175798.11,0.72
2017-04-14,10.5,10.53,10.28,10.25,200843.78,-0.26,-2.47,10.518,10.408,10.562,245905.86,200593.77,175800.0,0.95
2017-04-13,10.55,10.66,10.54,10.49,133961.88,-0.04,-0.38,10.528,10.425,10.599,228948.53,192026.55,172081.59,0.64
2017-04-12,10.53,10.85,10.58,10.46,299800.88,0.03,0.28,10.498,10.421,10.626,224592.64,193659.12,178143.76,1.42
2017-04-11,10.59,10.59,10.55,10.32,265686.59,-0.09,-0.85,10.456,10.419,10.646,201818.53,177322.23,173785.87,1.26
2017-04-10,10.32,10.68,10.64,10.23,329236.19,0.31,3.0,10.382,10.426,10.66,181318.25,164212.63,169242.01,1.56
2017-04-07,10.39,10.42,10.33,10.3,116057.1,-0.06,-0.58,10.298,10.426,10.676,155281.67,145850.87,159381.48,0.55
2017-04-06,10.4,10.43,10.39,10.34,112182.45,0.02,0.19,10.322,10.457,10.71,155104.58,156983.42,161794.09,0.53
2017-04-05,10.22,10.42,10.37,10.21,185930.31,0.19,1.87,10.344,10.504,10.747,162725.6,156257.79,163873.53,0.88
2017-03-31,10.24,10.32,10.18,10.17,163185.19,-0.04,-0.39,10.382,10.556,10.786,152825.93,152823.74,161065.63,0.77
2017-03-30,10.45,10.47,10.22,10.15,199053.31,-0.23,-2.2,10.47,10.635,10.832,147107.02,155659.92,159341.72,0.94
2017-03-29,10.53,10.56,10.45,10.4,115171.64,-0.05,-0.48,10.554,10.716,10.875,136420.07,151006.23,158170.97,0.55
2017-03-28,10.56,10.63,10.5,10.49,150287.55,-0.06,-0.57,10.592,10.773,10.913,158862.27,152136.63,167967.34,0.71
2017-03-27,10.62,10.66,10.56,10.54,136431.97,-0.06,-0.56,10.664,10.83,10.959,149789.98,162628.4,186401.27,0.65
2017-03-24,10.6,10.7,10.62,10.58,134590.61,-0.02,-0.19,10.73,10.873,10.988,152821.54,170249.52,190651.7,0.64
2017-03-23,10.62,10.77,10.64,10.51,145618.56,0.0,0.0,10.8,10.894,11.014,164212.82,174271.38,195738.73,0.69
2017-03-22,10.82,10.82,10.64,10.55,227382.64,-0.22,-2.03,10.878,10.926,11.038,165592.4,172912.09,203118.16,1.08
2017-03-21,10.9,10.92,10.86,10.84,104926.1,-0.03,-0.28,10.954,10.963,11.055,145410.99,166604.75,199044.3,0.5
2017-03-20,10.95,11.0,10.89,10.81,151589.8,-0.08,-0.73,10.996,10.99,11.062,175466.82,171489.28,210066.42,0.72
2017-03-17,11.08,11.15,10.97,10.95,191547.02,-0.06,-0.54,11.016,11.016,11.055,187677.49,169307.51,208856.52,0.91
2017-03-16,11.04,11.16,11.03,11.01,152516.44,0.01,0.09,10.988,11.029,11.04,184329.94,163023.52,206116.08,0.72
2017-03-15,11.06,11.06,11.02,10.91,126475.61,-0.05,-0.45,10.974,11.034,11.03,180231.78,165335.71,204012.94,0.6
2017-03-14,11.02,11.23,11.07,10.91,255205.23,0.08,0.73,10.972,11.053,11.019,187798.51,183798.05,207014.55,1.21
2017-03-13,10.8,11.05,10.99,10.72,212643.16,0.16,1.48,10.984,11.087,11.014,167511.74,210174.15,201601.87,1.01
2017-03-10,10.98,11.05,10.83,10.8,174809.28,-0.13,-1.19,11.016,11.103,11.009,150937.53,211053.89,197655.46,0.83
2017-03-09,11.02,11.04,10.96,10.95,132025.64,-0.05,-0.45,11.07,11.133,11.012,141717.09,217206.08,197870.72,0.63
2017-03-08,11.1,11.11,11.01,10.96,164309.22,-0.12,-1.08,11.094,11.15,11.007,150439.63,233324.23,198037.33,0.78
2017-03-07,11.18,11.24,11.13,11.06,153771.39,-0.02,-0.18,11.134,11.146,11.0,179797.59,231483.86,203186.67,0.73
2017-03-06,11.1,11.18,11.15,11.04,129772.14,0.05,0.45,11.19,11.134,10.975,252836.56,248643.55,200721.53,0.62
2017-03-03,11.06,11.17,11.1,11.02,128707.06,0.02,0.18,11.19,11.093,10.951,271170.25,248405.53,199484.35,0.61
2017-03-02,11.2,11.2,11.08,11.05,175638.34,-0.13,-1.16,11.196,11.051,10.926,292695.07,249208.63,196933.36,0.83
2017-03-01,11.36,11.43,11.21,11.17,311099.0,-0.2,-1.75,11.206,11.025,10.904,316208.84,242690.18,188157.19,1.48
2017-02-28,11.2,11.63,11.41,11.15,518966.28,0.26,2.33,11.158,10.984,10.876,283170.13,230231.06,178159.63,2.46
2017-02-27,11.12,11.32,11.15,11.09,221440.56,0.02,0.18,11.078,10.941,10.831,244450.54,193029.59,156178.92,1.05
2017-02-24,11.12,11.25,11.13,11.03,236331.16,0.0,0.0,10.996,10.915,10.798,225640.81,184257.02,148879.8,1.12
2017-02-23,11.0,11.28,11.13,10.88,293207.19,0.16,1.46,10.906,10.89,10.771,205722.2,178535.36,142372.46,1.39
2017-02-22,11.02,11.04,10.97,10.92,145905.47,-0.04,-0.36,10.844,10.864,10.74,169171.51,162750.42,133987.21,0.69
2017-02-21,10.77,11.09,11.01,10.74,325368.34,0.27,2.51,10.81,10.853,10.708,177291.98,174889.48,132081.68,1.54
2017-02-20,10.67,10.74,10.74,10.63,127391.88,0.06,0.56,10.804,10.816,10.684,141608.64,152799.51,121173.73,0.6
2017-02-17,10.82,10.89,10.68,10.68,136738.11,-0.14,-1.29,10.834,10.808,10.677,142873.23,150563.18,124927.56,0.65
2017-02-16,10.77,10.91,10.82,10.75,110453.77,0.02,0.18,10.874,10.801,10.668,151348.52,144658.08,134324.84,0.52
2017-02-15,10.94,10.98,10.8,10.76,186507.8,-0.18,-1.64,10.884,10.783,10.686,156329.33,133624.21,138249.81,0.89
2017-02-14,10.87,11.09,10.98,10.87,146951.64,0.09,0.83,10.896,10.767,10.71,172486.99,126088.2,139074.13,0.7
2017-02-13,10.87,10.97,10.89,10.82,133714.84,0.01,0.09,10.828,10.72,10.724,163990.38,119328.25,144986.12,0.63
2017-02-10,10.86,11.02,10.88,10.82,179114.56,0.01,0.09,10.782,10.681,10.752,158253.12,113502.59,165720.11,0.85
2017-02-09,10.83,10.92,10.87,10.8,135357.8,0.01,0.09,10.728,10.651,10.766,137967.65,106209.56,167378.78,0.64
2017-02-08,10.64,11.24,10.86,10.44,267296.09,0.22,2.07,10.682,10.616,10.773,110919.09,105224.0,167073.4,1.27
2017-02-07,10.66,10.67,10.64,10.56,104468.61,-0.02,-0.19,10.638,10.562,10.783,79689.41,89273.87,160621.18,0.5
2017-02-06,10.6,10.7,10.66,10.6,105028.53,0.05,0.47,10.612,10.551,10.809,74666.13,89547.95,166166.0,0.5
2017-02-03,10.68,10.69,10.61,10.59,77687.2,-0.03,-0.28,10.58,10.545,10.828,68752.06,99291.95,168463.87,0.37
2017-02-02,10.6,10.65,10.64,10.36,115.0,0.0,0.0,10.574,10.535,10.841,74451.47,123991.6,170891.62,0.0
2017-01-26,10.53,10.73,10.64,10.53,111147.7,0.13,1.24,10.55,10.588,10.854,99528.91,142875.42,178176.63,0.53
2017-01-25,10.46,10.58,10.51,10.46,79352.21,0.01,0.1,10.486,10.653,10.874,98858.33,152060.06,179823.23,0.38
2017-01-24,10.6,10.64,10.5,10.47,75458.18,-0.08,-0.76,10.49,10.728,10.903,104429.76,170643.99,182422.6,0.36
2017-01-23,10.55,10.68,10.58,10.53,106184.27,0.06,0.57,10.51,10.823,10.935,129831.84,217937.63,188652.35,0.5
2017-01-20,10.31,10.55,10.52,10.29,125502.21,0.2,1.94,10.496,10.88,10.957,173531.73,228548.0,194942.37,0.6
2017-01-19,10.56,10.57,10.32,10.31,107794.77,-0.21,-1.99,10.626,10.929,10.981,186221.93,228922.81,196228.73,0.51
2017-01-18,10.57,10.63,10.53,10.51,107209.38,-0.07,-0.66,10.82,11.004,11.02,205261.78,231968.49,198497.42,0.51
2017-01-17,10.45,10.65,10.6,10.13,202468.59,0.09,0.86,10.966,11.066,11.044,236858.22,242784.06,201556.89,0.96
2017-01-16,11.11,11.17,10.51,10.05,324683.69,-0.66,-5.91,11.136,11.111,11.066,306043.42,237635.8,198667.93,1.54
2017-01-13,11.3,11.35,11.17,11.04,188953.2,-0.12,-1.06,11.264,11.146,11.097,283564.27,217791.65,190479.58,0.9
2017-01-12,11.27,11.48,11.29,11.22,202994.05,0.03,0.27,11.232,11.12,11.092,271623.68,213477.85,190213.61,0.96
2017-01-11,11.37,11.44,11.26,11.25,265191.56,-0.19,-1.66,11.188,11.094,11.08,258675.21,207586.4,189341.21,1.26
2017-01-10,11.18,11.68,11.45,11.08,548394.62,0.3,2.69,11.166,11.077,11.075,248709.9,194201.21,190430.12,2.6
2017-01-09,10.98,11.22,11.15,10.98,212287.92,0.14,1.27,11.086,11.046,11.063,169228.17,159367.06,184182.48,1.01
2017-01-06,11.06,11.11,11.01,11.0,129250.27,-0.06,-0.54,11.028,11.034,11.105,152019.03,161336.75,184467.13,0.61
2017-01-05,11.14,11.16,11.07,11.04,138251.67,-0.08,-0.72,11.008,11.033,11.159,155332.01,163534.65,193860.94,0.66
2017-01-04,11.05,11.16,11.15,10.97,215365.0,0.1,0.91,11.0,11.036,11.211,156497.59,165026.34,197470.46,1.02
2017-01-03,10.87,11.09,11.05,10.86,150985.97,0.19,1.75,10.988,11.022,11.251,139692.52,160329.73,197680.66,0.72
2016-12-30,10.94,10.97,10.86,10.85,126242.23,-0.05,-0.46,11.006,11.02,11.289,149505.96,159700.06,199504.61,0.6
2016-12-29,11.0,11.05,10.91,10.9,145815.19,-0.12,-1.09,11.04,11.048,11.336,170654.47,163167.52,207086.76,0.69
2016-12-28,11.06,11.14,11.03,10.98,144079.56,-0.06,-0.54,11.058,11.064,11.389,171737.29,166949.38,211655.46,0.69
2016-12-27,11.14,11.18,11.09,11.07,131339.66,-0.05,-0.45,11.072,11.065,11.44,173555.1,171096.01,215233.33,0.63
2016-12-26,11.06,11.17,11.14,10.89,200053.16,0.11,1.0,11.056,11.073,11.486,180966.94,186659.02,221063.59,0.95
2016-12-23,11.0,11.23,11.03,10.97,231984.77,0.03,0.27,11.034,11.08,11.532,169894.16,208997.9,224573.17,1.11
2016-12-22,11.1,11.11,11.0,10.99,151229.28,-0.1,-0.9,11.056,11.176,11.589,155680.57,207597.52,230148.85,0.72
2016-12-21,11.01,11.11,11.1,11.01,153168.62,0.09,0.82,11.07,11.285,11.646,162161.47,224187.23,252575.97,0.73
2016-12-20,11.05,11.05,11.01,10.9,168398.88,-0.02,-0.18,11.058,11.385,11.717,168636.92,229914.57,261108.74,0.8
2016-12-19,11.16,11.16,11.03,11.0,144689.23,-0.11,-0.99,11.09,11.48,11.8,192351.1,235031.59,271192.06,0.69
2016-12-16,11.13,11.25,11.14,11.07,160916.83,0.07,0.63,11.126,11.558,11.873,248101.63,239309.16,276028.73,0.77
2016-12-15,11.02,11.15,11.07,11.0,183633.8,0.03,0.27,11.296,11.624,11.939,259514.47,251006.0,282167.25,0.88
2016-12-14,11.16,11.16,11.04,11.0,185545.88,-0.13,-1.16,11.5,11.713,12.013,286213.0,256361.55,286498.24,0.88
2016-12-13,11.11,11.24,11.17,10.97,286969.78,-0.04,-0.36,11.712,11.815,12.095,291192.22,259370.66,292608.71,1.37
2016-12-12,11.95,12.03,11.21,11.11,423441.88,-0.78,-6.5,11.87,11.898,12.173,277712.08,255468.16,295538.94,2.02
2016-12-09,12.03,12.12,11.99,11.98,217981.0,-0.1,-0.83,11.99,11.984,12.241,230516.69,240148.44,292996.65,1.04
2016-12-08,12.1,12.25,12.09,11.96,317126.44,-0.01,-0.08,11.952,12.002,12.273,242497.53,252700.18,304793.31,1.51
2016-12-07,11.88,12.13,12.1,11.87,210442.0,0.14,1.17,11.926,12.006,12.306,226510.1,280964.7,308370.6,1.0
2016-12-06,12.05,12.11,11.96,11.95,219569.06,0.15,1.27,11.918,12.049,12.329,227549.09,292302.9,330470.61,1.05
2016-12-05,11.62,11.85,11.81,11.57,187464.95,0.01,0.09,11.926,12.12,12.381,233224.23,307352.53,343365.1,0.89
2016-12-02,11.94,11.96,11.8,11.78,277885.19,-0.16,-1.34,11.978,12.187,12.438,249780.19,312748.3,357218.69,1.32
2016-12-01,12.06,12.07,11.96,11.92,237189.31,-0.1,-0.83,12.052,12.253,12.507,262902.83,313328.5,382177.19,1.13
2016-11-30,11.92,12.15,12.06,11.88,215636.95,0.06,0.5,12.086,12.313,12.58,335419.29,316634.93,437832.01,1.03
2016-11-29,12.1,12.19,12.0,11.98,247944.77,-0.07,-0.58,12.18,12.374,12.628,357056.71,325846.76,464228.72,1.18
2016-11-28,12.2,12.26,12.07,12.03,270244.72,-0.1,-0.82,12.314,12.447,12.657,381480.82,335609.73,474510.69,1.29
2016-11-25,12.15,12.22,12.17,11.88,343498.41,0.04,0.33,12.396,12.498,12.699,375716.41,345844.86,481101.73,1.64
2016-11-24,12.53,12.53,12.13,12.03,599771.62,-0.4,-3.19,12.454,12.544,12.727,363754.17,356886.44,488207.13,2.86
2016-11-23,12.69,12.78,12.53,12.52,323824.03,-0.14,-1.1,12.54,12.605,12.771,297850.57,335776.5,494732.52,1.54
2016-11-22,12.55,12.71,12.67,12.45,370065.31,0.19,1.52,12.568,12.609,12.787,294636.8,368638.32,505922.69,1.76
2016-11-21,12.48,12.57,12.48,12.4,241422.69,0.02,0.16,12.58,12.641,12.796,289738.64,379377.67,519058.17,1.15
2016-11-18,12.62,12.72,12.46,12.45,283687.19,-0.1,-0.8,12.6,12.689,12.821,315973.31,401689.08,535448.41,1.35
2016-11-17,12.72,12.74,12.56,12.53,270253.62,-0.11,-0.87,12.634,12.761,12.849,350018.71,451025.88,560326.52,1.29
2016-11-16,12.81,12.86,12.67,12.66,307755.19,-0.06,-0.47,12.67,12.847,12.879,373702.43,559029.09,588766.39,1.47
2016-11-15,12.61,12.75,12.73,12.54,345574.53,0.15,1.19,12.65,12.881,12.9,442639.84,602610.69,641667.95,1.65
2016-11-14,12.63,12.7,12.58,12.52,372596.03,-0.05,-0.4,12.702,12.866,12.905,469016.7,613411.64,692964.58,1.78
2016-11-11,12.69,12.79,12.63,12.5,453914.16,-0.11,-0.86,12.778,12.899,12.902,487404.86,616358.6,712435.02,2.16
2016-11-10,12.72,12.84,12.74,12.65,388672.25,0.17,1.35,12.888,12.909,12.896,552033.05,619527.82,741185.81,1.85
2016-11-09,12.96,12.97,12.57,12.36,652442.25,-0.42,-3.23,13.024,12.937,12.902,744355.75,653688.55,772959.48,3.11
2016-11-08,13.01,13.14,12.99,12.78,477458.81,0.03,0.23,13.112,12.965,12.859,762581.54,643207.06,755889.62,2.28
2016-11-07,13.16,13.25,12.96,12.9,464536.81,-0.22,-1.67,13.03,12.95,12.777,757806.58,658738.66,740595.11,2.21
2016-11-04,13.36,13.48,13.18,13.12,777055.12,-0.24,-1.79,13.02,12.953,12.698,745312.34,669207.73,724730.64,3.7
2016-11-03,12.91,13.8,13.42,12.89,1350285.75,0.41,3.15,12.93,12.937,12.609,687022.59,669627.15,692127.74,6.44
2016-11-02,12.81,13.12,13.01,12.64,743571.19,0.15,1.17,12.85,12.911,12.514,563021.34,618503.7,633758.92,3.54
2016-10-28,12.8,12.93,12.58,12.56,453584.03,-0.33,-2.56,12.818,12.918,12.433,523832.58,680725.22,607794.99,2.16
2016-10-27,12.76,12.95,12.91,12.65,402065.62,0.18,1.41,12.87,12.943,12.394,559670.74,772517.53,595328.19,1.92
2016-10-26,13.07,13.07,12.73,12.7,485606.38,-0.29,-2.23,12.886,12.905,12.343,593103.11,808511.44,587600.07,2.31
2016-10-25,12.83,13.25,13.02,12.8,730279.5,0.17,1.32,12.944,12.882,12.303,652231.71,862843.81,587927.89,3.48
2016-10-24,12.83,13.08,12.85,12.75,547627.38,0.01,0.08,12.972,12.867,12.233,673986.05,892230.41,558808.1,2.61
2016-10-21,13.0,13.16,12.84,12.72,632774.81,-0.15,-1.16,13.018,12.752,12.171,837617.85,868572.18,540315.41,3.02
2016-10-20,13.0,13.09,12.99,12.87,569227.5,-0.03,-0.23,13.016,12.603,12.1,985364.31,822451.57,517688.36,2.71
2016-10-19,13.13,13.25,13.02,13.0,781249.38,-0.14,-1.06,12.924,12.442,12.026,1023919.76,780253.56,499382.18,3.72
2016-10-18,12.96,13.18,13.16,12.79,839051.19,0.08,0.61,12.82,12.281,11.953,1073455.9,714628.33,477759.15,4.0
2016-10-17,12.9,13.45,13.08,12.85,1365786.38,0.25,1.95,12.762,12.116,11.899,1110474.76,649014.13,447249.68,6.51
2016-10-14,12.48,13.25,12.83,12.43,1371507.12,0.3,2.39,12.486,11.948,11.854,899526.5,534864.76,388091.29,6.54
2016-10-13,12.5,12.78,12.53,12.43,762004.75,0.03,0.24,12.19,11.845,11.824,659538.83,418138.85,332900.5,3.63
2016-10-12,12.8,12.8,12.5,12.44,1028930.06,-0.37,-2.88,11.96,11.781,11.809,536587.35,366688.71,317095.2,4.9
2016-10-11,11.72,12.87,12.87,11.63,1024145.5,1.17,10.0,11.742,11.724,11.794,355800.77,313011.97,274689.55,4.88
2016-10-10,11.44,11.7,11.7,11.37,311045.09,0.35,3.08,11.47,11.599,11.76,187553.51,225385.8,233876.41,1.48
2016-09-30,11.35,11.42,11.35,11.32,171568.73,-0.03,-0.26,11.41,11.589,11.789,170203.01,212058.64,232772.31,0.82
2016-09-29,11.44,11.49,11.38,11.38,147247.38,-0.03,-0.26,11.5,11.597,11.833,176738.88,212925.16,235326.39,0.7
2016-09-28,11.53,11.54,11.41,11.39,124997.13,-0.1,-0.87,11.602,11.609,11.879,196790.06,218510.8,236081.59,0.6
2016-09-27,11.45,11.59,11.51,11.33,182909.2,0.11,0.96,11.706,11.624,11.923,270223.17,240889.96,240224.83,0.87
2016-09-26,11.8,11.8,11.4,11.38,224292.59,-0.4,-3.39,11.728,11.681,11.962,263218.09,245485.22,245805.76,1.07
2016-09-23,11.95,12.01,11.8,11.75,204248.09,-0.09,-0.76,11.768,11.76,12.011,253914.27,241317.82,248801.94,0.97
2016-09-22,11.94,12.0,11.89,11.83,247503.31,-0.04,-0.34,11.694,11.802,12.05,249111.44,247662.15,247105.84,1.18
2016-09-21,11.68,12.24,11.93,11.65,492162.66,0.31,2.67,11.616,11.837,12.089,240231.54,267501.69,243241.04,2.35
2016-09-20,11.63,11.7,11.62,11.53,147883.8,0.02,0.17,11.542,11.863,12.121,211556.75,236367.12,228213.42,0.7
2016-09-19,11.45,11.69,11.6,11.44,177773.48,0.17,1.49,11.634,11.921,12.181,227752.36,242367.01,231488.63,0.85
2016-09-14,11.44,11.54,11.43,11.38,180233.94,-0.07,-0.61,11.752,11.989,12.243,228721.38,253485.98,238781.86,0.86
2016-09-13,11.67,11.7,11.5,11.43,203103.81,-0.06,-0.52,11.91,12.069,12.319,246212.87,257727.63,253518.1,0.97
2016-09-12,11.88,11.88,11.56,11.5,348788.72,-0.52,-4.3,12.058,12.149,12.379,294771.84,253652.37,258812.37,1.66
2016-09-09,12.19,12.27,12.08,12.04,228861.84,-0.11,-0.9,12.184,12.222,12.44,261177.5,239559.7,265981.73,1.09
2016-09-08,12.2,12.3,12.19,12.12,182618.59,-0.03,-0.24,12.208,12.242,12.455,256981.67,246126.3,265102.01,0.87
2016-09-07,12.22,12.34,12.22,12.18,267691.38,-0.02,-0.16,12.226,12.262,12.456,278250.58,256286.06,270433.73,1.28
2016-09-06,12.19,12.24,12.24,11.82,445898.69,0.05,0.41,12.228,12.298,12.47,269242.38,246549.52,268649.75,2.13
2016-09-05,12.28,12.34,12.19,12.16,180816.98,-0.01,-0.08,12.24,12.341,12.493,212532.9,218980.38,256837.15,0.86
2016-09-02,12.29,12.37,12.2,12.17,207882.69,-0.08,-0.65,12.26,12.379,12.517,217941.9,220059.72,262004.03,0.99
2016-09-01,12.25,12.46,12.28,12.21,288963.16,0.05,0.41,12.276,12.441,12.53,235270.93,220610.24,273851.12,1.38
2016-08-31,12.33,12.33,12.23,12.14,222650.39,-0.07,-0.57,12.298,12.496,12.533,234321.55,224077.74,270441.56,1.06
2016-08-30,12.3,12.36,12.3,12.27,162351.27,0.01,0.08,12.368,12.568,12.531,223856.66,249308.58,269161.6,0.77
2016-08-29,12.3,12.37,12.29,12.23,207861.98,0.01,0.08,12.442,12.608,12.531,225427.86,263972.37,268411.99,0.99
2016-08-26,12.39,12.46,12.28,12.26,294527.84,-0.11,-0.89,12.498,12.658,12.528,222177.54,292403.76,270357.03,1.4
2016-08-25,12.5,12.51,12.39,12.22,284216.25,-0.19,-1.51,12.606,12.667,12.534,205949.55,284077.71,272147.81,1.35
2016-08-24,12.66,12.71,12.58,12.56,170325.95,-0.09,-0.71,12.694,12.649,12.543,213833.93,284581.39,288497.17,0.81
2016-08-23,12.56,12.68,12.67,12.56,170207.3,0.1,0.8,12.768,12.641,12.563,274760.5,290749.97,314030.52,0.81
2016-08-22,12.84,12.9,12.57,12.55,191610.34,-0.25,-1.95,12.774,12.644,12.628,302516.88,294693.91,322443.85,0.91
2016-08-19,12.83,12.89,12.82,12.73,213387.92,-0.01,-0.08,12.818,12.654,12.688,362629.98,303948.35,328369.42,1.02
2016-08-18,12.9,13.07,12.83,12.77,323638.12,-0.12,-0.93,12.728,12.618,12.738,362205.88,327092.0,334715.99,1.54
2016-08-17,12.74,13.04,12.95,12.69,474958.81,0.25,1.97,12.604,12.569,12.8,355328.86,316805.39,344216.61,2.26
2016-08-16,12.81,12.86,12.7,12.69,308989.22,-0.09,-0.7,12.514,12.494,12.856,306739.45,289014.63,341207.73,1.47
2016-08-15,12.41,12.9,12.79,12.3,492175.84,0.42,3.4,12.514,12.454,12.934,286870.94,272851.6,346097.99,2.35
2016-08-12,12.24,12.37,12.37,12.2,211267.39,0.16,1.31,12.49,12.397,13.005,245266.71,248310.3,349972.17,1.01
2016-08-11,12.5,12.53,12.21,12.21,289253.03,-0.29,-2.32,12.508,12.401,13.086,291978.13,260217.9,362663.54,1.38
2016-08-10,12.68,12.76,12.5,12.5,232011.78,-0.2,-1.57,12.534,12.436,13.183,278281.92,292412.95,364175.96,1.11
2016-08-09,12.68,12.72,12.7,12.57,209646.66,0.03,0.24,12.474,12.485,13.265,271289.81,337311.07,381642.56,1.0
2016-08-08,12.43,12.67,12.67,12.3,284154.69,0.21,1.69,12.394,12.611,13.326,258832.26,350193.78,396282.1,1.35
2016-08-05,12.75,12.94,12.46,12.44,444824.5,0.12,0.97,12.304,12.721,13.383,251353.89,352790.49,399283.85,2.12
2016-08-04,12.2,12.37,12.34,12.16,220771.95,0.14,1.15,12.294,12.857,13.455,228457.67,342339.97,396565.56,1.05
2016-08-03,12.33,12.35,12.2,12.12,197051.23,-0.1,-0.81,12.338,13.03,13.546,306543.98,371627.83,415905.91,0.94
2016-08-02,12.23,12.36,12.3,12.21,147358.95,0.08,0.66,12.496,13.218,13.651,403332.33,393400.83,428273.63,0.7
2016-08-01,12.34,12.38,12.22,12.06,246762.84,-0.19,-1.53,12.828,13.413,13.754,441555.3,419344.37,449504.04,1.18
2016-07-29,12.6,12.67,12.41,12.22,330343.38,-0.15,-1.19,13.138,13.612,13.862,454227.08,451634.04,474523.79,1.57
2016-07-28,12.93,13.1,12.56,12.22,611203.5,-0.43,-3.31,13.42,13.771,13.955,456222.26,465109.18,484484.91,2.91
2016-07-27,13.98,14.08,12.99,12.92,680993.0,-0.97,-6.95,13.722,13.93,14.043,436711.69,435938.97,478650.21,3.25
2016-07-26,13.75,14.08,13.96,13.73,338473.78,0.19,1.38,13.94,14.045,14.11,383469.33,425974.05,473404.1,1.61
2016-07-25,13.81,13.89,13.77,13.65,310121.72,-0.05,-0.36,13.998,14.041,14.14,397133.44,442370.42,500456.49,1.48
2016-07-22,14.0,14.12,13.82,13.81,340319.31,-0.25,-1.78,14.086,14.044,14.159,449041.0,445777.22,520021.02,1.62
2016-07-21,14.2,14.25,14.07,14.05,513650.62,-0.01,-0.07,14.122,14.053,14.149,473996.1,450791.15,533489.87,2.45
2016-07-20,14.25,14.32,14.08,14.03,414781.22,-0.17,-1.19,14.138,14.061,14.133,435166.26,460183.98,529746.38,1.98
2016-07-19,14.21,14.35,14.25,14.12,406794.31,0.04,0.28,14.15,14.084,14.126,468478.77,463146.42,530988.41,1.94
2016-07-18,13.9,14.37,14.21,13.82,569659.56,0.21,1.5,14.084,14.095,14.084,487607.41,479663.7,535350.95,2.72
2016-07-15,14.17,14.44,14.0,13.98,465094.78,-0.15,-1.06,14.002,14.111,14.06,442513.43,497413.53,525884.32,2.22
2016-07-14,14.14,14.16,14.15,13.96,319501.41,0.01,0.07,13.984,14.138,14.054,427586.2,503860.63,534552.26,1.52
2016-07-13,14.0,14.26,14.14,13.82,581343.81,0.22,1.58,13.984,14.155,14.04,485201.71,521361.44,542877.77,2.77
2016-07-12,13.8,13.97,13.92,13.5,502437.47,0.12,0.87,14.018,14.174,14.025,457814.07,520834.15,550425.71,2.39
2016-07-11,13.94,14.05,13.8,13.79,344189.69,-0.11,-0.79,14.106,14.239,13.969,471720.0,558542.56,544657.62,1.64
2016-07-08,14.1,14.1,13.91,13.85,390458.62,-0.24,-1.7,14.22,14.274,13.919,552313.64,594264.82,551689.87,1.86
2016-07-07,14.29,14.31,14.15,13.8,607578.94,-0.16,-1.12,14.292,14.245,13.918,580135.06,616188.59,553881.16,2.9
2016-07-06,14.3,14.4,14.31,14.18,444405.62,-0.05,-0.35,14.326,14.205,13.908,557521.18,599308.77,545192.87,2.12
2016-07-05,14.35,14.56,14.36,14.28,571967.12,-0.01,-0.07,14.33,14.167,13.89,583854.23,598830.4,550409.19,2.73
2016-07-04,14.17,14.57,14.37,14.11,747157.88,0.1,0.7,14.372,14.073,13.874,645365.12,591038.19,561472.81,3.56
2016-07-01,14.45,14.6,14.27,14.13,529565.75,-0.05,-0.35,14.328,14.009,13.837,636215.99,554355.11,551248.55,2.52
2016-06-30,14.36,14.55,14.32,14.2,494509.53,-0.01,-0.07,14.198,13.97,13.798,652242.12,565243.89,557392.3,2.36
2016-06-29,14.59,14.68,14.33,14.26,576070.88,-0.24,-1.65,14.084,13.924,13.748,641096.36,564394.1,568212.21,2.75
2016-06-28,14.02,14.57,14.57,13.93,879521.56,0.42,2.97,14.004,13.876,13.651,613806.58,580017.28,553707.35,4.19
2016-06-27,13.51,14.29,14.15,13.51,701412.25,0.53,3.89,13.774,13.699,13.561,536711.26,530772.68,527262.99,3.34
2016-06-24,13.71,13.86,13.62,13.05,609696.38,-0.13,-0.94,13.69,13.564,14.179,472494.23,509114.92,503874.12,2.91
2016-06-23,13.89,14.08,13.75,13.66,438780.72,-0.18,-1.29,13.742,13.591,14.806,478245.66,491573.74,482556.8,2.09
2016-06-22,13.28,13.93,13.93,13.14,439621.97,0.51,3.8,13.764,13.61,15.421,487691.85,491076.97,469317.67,2.1
2016-06-21,13.95,14.12,13.42,13.25,494045.0,-0.31,-2.26,13.748,13.612,16.042,546227.98,501987.97,461814.35,2.36
2016-06-20,13.89,13.97,13.73,13.51,380327.09,-0.15,-1.08,13.624,13.675,16.641,524834.09,531907.42,450419.52,1.81
2016-06-17,13.9,14.45,13.88,13.8,638453.5,0.02,0.14,13.438,13.664,17.176,545735.61,548141.99,440656.44,3.04
2016-06-16,13.74,14.08,13.86,13.61,486011.69,0.01,0.07,13.44,13.625,17.701,504901.82,549540.7,419913.1,2.32
2016-06-15,12.63,14.0,13.85,12.63,732302.62,1.05,8.2,13.456,13.572,18.292,494462.09,572030.31,406498.11,3.49
2016-06-14,12.71,12.89,12.8,12.53,387075.56,0.0,0.0,13.476,13.425,18.881,457747.96,527397.42,379109.47,1.85
2016-06-13,13.6,13.83,12.8,12.72,484834.69,-1.09,-7.85,13.726,13.423,19.487,538980.76,523753.31,370034.19,2.31
2016-06-08,13.89,14.04,13.89,13.63,434284.53,-0.05,-0.36,13.89,14.794,20.111,550548.37,498633.32,354335.29,2.07
2016-06-07,13.95,14.15,13.94,13.7,433813.06,-0.01,-0.07,13.81,16.02,20.687,594179.59,473539.87,341935.41,2.07
2016-06-06,13.97,14.28,13.95,13.78,548731.94,-0.1,-0.71,13.688,17.231,21.29,649598.54,447558.36,328104.98,2.62
2016-06-03,13.59,14.2,14.05,13.3,793239.56,0.43,3.16,13.374,18.472,21.897,597046.88,421640.74,313435.31,3.78
2016-06-02,13.48,13.73,13.62,13.35,542672.75,0.13,0.96,13.12,19.607,22.545,508525.86,368931.62,288834.7,2.59
2016-06-01,13.37,13.63,13.49,13.23,652440.62,0.16,1.2,15.698,20.688,23.294,446718.27,333170.9,271946.0,3.11
2016-05-31,12.45,13.55,13.33,12.42,710907.81,0.95,7.67,18.23,21.777,24.044,352900.16,290285.5,254972.46,3.39
2016-05-30,12.72,12.85,12.38,12.31,285973.66,-0.4,-3.13,20.774,23.011,24.822,245518.19,240965.9,238527.79,1.36
2016-05-27,13.02,13.09,12.78,12.75,350634.47,-0.35,-2.67,23.57,24.336,25.533,246234.59,230821.52,231632.23,1.67
2016-05-26,26.07,26.51,26.51,25.08,233634.81,0.36,1.38,26.094,25.551,26.235,229337.38,216315.06,226100.65,2.23
2016-05-25,26.45,26.73,26.15,25.78,183350.03,0.1,0.38,25.678,25.427,26.274,219623.52,210037.25,222745.26,1.75
2016-05-24,26.19,26.33,26.05,25.75,173997.98,-0.31,-1.18,25.324,25.353,26.361,227670.85,210330.94,223781.58,1.66
2016-05-23,25.6,26.88,26.36,25.55,289555.66,0.96,3.78,25.248,25.348,26.435,236413.61,208651.6,225624.25,2.76
2016-05-20,24.19,25.69,25.4,24.0,266148.44,0.97,3.97,25.102,25.322,26.475,215408.44,205229.88,221888.28,2.54
2016-05-19,24.35,25.18,24.43,24.33,185065.48,0.05,0.2,25.008,25.483,26.53,203292.74,208737.77,221352.2,1.76
2016-05-18,25.31,25.39,24.38,24.0,223586.7,-1.29,-5.03,25.176,25.9,26.666,200450.99,210721.11,232926.56,2.13
2016-05-17,25.64,26.06,25.67,25.09,217711.78,0.04,0.16,25.382,26.311,26.917,192991.03,219659.42,232703.43,2.08
2016-05-16,24.7,25.71,25.63,24.7,184529.81,0.7,2.81,25.448,26.633,27.089,180889.59,236089.67,234415.95,1.76
2016-05-13,25.3,25.85,24.93,24.68,205569.95,-0.34,-1.34,25.542,26.729,27.315,195051.31,232442.94,239519.28,2.04
2016-05-12,25.28,25.46,25.27,24.65,170856.69,-0.14,-0.55,25.958,26.918,27.61,214182.79,235886.25,241120.09,1.69
2016-05-11,26.2,26.35,25.41,25.4,186286.92,-0.59,-2.27,26.624,27.12,27.861,220991.22,235453.28,250638.22,1.85
2016-05-10,26.1,26.48,26.0,25.8,157204.59,-0.1,-0.38,27.24,27.368,28.093,246327.81,237232.21,255438.69,1.56
2016-05-09,26.72,26.76,26.1,25.8,255338.41,-0.91,-3.37,27.818,27.521,28.318,291289.75,242596.9,265775.45,2.53
2016-05-06,28.62,28.89,27.01,26.9,301227.34,-1.59,-5.56,27.916,27.628,28.53,269834.56,238546.68,272125.39,2.98
2016-05-05,28.44,28.76,28.6,28.03,204898.86,0.11,0.39,27.878,27.577,28.71,257589.7,233966.64,280101.21,2.03
2016-05-04,28.52,29.33,28.49,28.38,312969.84,-0.4,-1.39,27.616,27.432,28.888,249915.33,255132.02,294092.64,3.1
2016-05-03,27.0,29.0,28.89,26.48,382014.31,2.3,8.65,27.496,27.523,29.087,228136.61,245747.44,310156.57,3.79
2016-04-29,26.68,27.1,26.59,26.39,148062.44,-0.23,-0.86,27.224,27.544,29.145,193904.05,232742.24,313465.41,1.47
2016-04-28,27.42,27.54,26.82,26.0,240003.06,-0.47,-1.72,27.34,27.901,29.288,207258.8,246595.62,330840.6,2.38
2016-04-27,27.96,28.08,27.29,27.18,166526.98,-0.6,-2.15,27.276,28.301,29.373,210343.57,246353.93,333829.6,1.65
2016-04-26,27.51,28.2,27.89,27.2,204076.28,0.36,1.31,27.248,28.602,29.369,260348.71,265823.16,340830.68,2.02
2016-04-25,27.0,27.75,27.53,26.5,210851.47,0.36,1.32,27.55,28.818,29.388,263358.28,273645.18,345299.12,2.09
2016-04-22,26.55,27.18,27.17,26.55,214836.2,0.67,2.53,27.864,29.115,29.454,271580.43,288954.0,347530.5,2.13
2016-04-21,27.18,27.58,26.5,26.35,255426.91,-0.65,-2.39,28.462,29.432,29.536,285932.45,305704.09,355872.61,2.53
2016-04-20,29.54,29.67,27.15,26.83,416552.69,-2.25,-7.65,29.326,29.842,29.705,282364.29,326235.78,363723.79,4.13
2016-04-19,29.41,29.56,29.4,28.85,219124.11,0.3,1.03,29.956,30.344,29.804,271297.61,333053.26,360914.89,2.17
2016-04-18,29.77,29.78,29.1,29.02,251962.23,-1.06,-3.52,30.086,30.65,29.828,283932.08,374565.7,381874.26,2.5
2016-04-15,30.85,30.91,30.16,29.85,286596.31,-0.66,-2.14,30.366,30.745,29.8,306327.58,394188.59,398350.86,2.84
2016-04-14,30.66,30.98,30.82,30.32,237586.09,0.52,1.72,30.402,30.674,29.676,325475.74,415085.59,416900.75,2.35
2016-04-13,30.3,31.29,30.3,30.17,361219.31,0.25,0.83,30.358,30.445,29.449,370107.28,421305.28,425680.33,3.58
2016-04-12,30.36,30.4,30.05,29.4,282296.47,-0.45,-1.48,30.732,30.135,29.233,394808.92,415838.2,434532.98,2.8
2016-04-11,30.81,31.7,30.5,30.33,363939.72,0.16,0.53,31.214,29.957,29.073,465199.32,416953.06,443238.09,3.61
2016-04-08,30.1,30.41,30.34,29.4,382337.09,-0.26,-0.85,31.124,29.792,28.769,482049.59,406107.0,439319.0,3.79
2016-04-07,32.0,32.18,30.6,30.58,460743.81,-1.57,-4.88,30.946,29.639,28.465,504695.44,406041.13,438610.86,4.57
2016-04-06,32.0,32.78,32.17,31.6,484727.5,-0.29,-0.89,30.532,29.568,28.185,472503.27,401211.79,443528.24,4.8
2016-04-05,30.06,32.98,32.46,29.81,634248.5,2.41,8.02,29.538,29.264,27.84,436867.49,388776.51,458166.09,6.29
2016-04-01,29.02,30.15,30.05,28.62,448191.06,0.6,2.04,28.7,29.006,27.415,368706.79,389182.81,456708.29,4.44
2016-03-31,28.79,30.31,29.45,28.58,495566.31,0.92,3.23,28.46,28.854,27.002,330164.41,402513.13,454248.07,4.91
2016-03-30,27.69,28.56,28.53,27.27,299783.0,1.33,4.89,28.332,28.678,26.722,307386.83,418715.91,448417.42,2.97
2016-03-29,28.25,28.43,27.2,26.81,306548.56,-1.07,-3.79,28.604,28.452,26.498,329920.3,430055.38,452528.18,3.04
2016-03-28,29.1,29.66,28.27,28.1,293445.0,-0.58,-2.01,28.99,28.33,26.283,340685.54,453227.76,457438.57,2.91
2016-03-25,28.6,29.2,28.85,28.4,255479.2,0.04,0.14,29.312,28.189,26.013,409658.84,469523.12,458750.87,2.53
2016-03-24,29.49,29.6,28.81,28.72,381678.38,-1.08,-3.61,29.248,27.746,25.84,474861.85,472530.99,462849.39,3.78
2016-03-23,29.19,30.5,29.89,29.14,412450.38,0.76,2.61,29.024,27.29,25.721,530044.99,471180.58,466269.33,4.09
2016-03-22,29.39,29.66,29.13,29.02,360374.72,-0.75,-2.51,28.3,26.801,25.694,530190.45,485844.69,461823.93,3.57
2016-03-21,29.1,30.79,29.88,28.66,638311.5,1.35,4.73,27.67,26.415,25.701,565769.98,527555.67,462132.35,6.33
2016-03-18,27.52,29.15,28.53,27.42,581494.25,0.84,3.03,27.066,25.824,25.719,529387.41,524233.77,450671.35,5.76
2016-03-17,26.04,28.6,27.69,25.9,657594.12,1.42,5.41,26.244,25.15,25.8,470200.14,505983.01,447442.95,6.52
2016-03-16,26.3,26.4,26.27,24.8,413177.66,0.29,1.12,25.556,24.766,25.943,412316.17,478118.92,435761.14,4.09
2016-03-15,26.86,26.98,25.98,25.82,538272.38,-0.88,-3.28,25.302,24.544,26.17,441498.94,475000.98,435392.48,5.33
2016-03-14,25.15,26.86,26.86,24.88,456398.62,2.44,9.99,25.16,24.236,26.39,489341.35,461649.38,423776.28,4.52
2016-03-11,24.15,24.73,24.42,23.75,285557.91,0.17,0.7,24.582,23.836,26.428,519080.14,447978.61,410490.21,2.83
2016-03-10,24.78,25.49,24.25,24.25,368174.28,-0.75,-3.0,24.056,23.934,26.613,541765.88,453167.78,407679.85,3.65
2016-03-09,24.75,26.15,25.0,24.75,559091.5,-0.27,-1.07,23.976,24.151,26.86,543921.67,461358.07,405994.55,5.54
2016-03-08,23.9,26.06,25.27,23.15,777484.44,1.3,5.42,23.786,24.587,27.0,508503.03,437803.16,390855.79,7.7
2016-03-07,22.28,23.97,23.97,22.22,605092.56,2.18,10.01,23.312,24.986,27.127,433957.4,396709.03,369006.3,6.0
2016-03-04,23.6,23.72,21.79,21.58,398986.62,-2.06,-8.64,23.09,25.614,27.26,376877.09,377108.92,352869.5,3.95
2016-03-03,23.98,24.95,23.85,23.75,378953.22,-0.2,-0.83,23.812,26.45,27.549,364569.69,388902.9,352766.44,3.76
2016-03-02,22.8,24.32,24.05,22.6,381998.31,1.15,5.02,24.326,27.12,27.61,378794.47,393403.36,349060.84,3.79
2016-03-01,22.34,23.39,22.9,21.21,404756.31,0.04,0.17,25.388,27.796,27.71,367103.29,395783.97,353266.21,4.01
2016-02-29,25.39,25.39,22.86,22.86,319690.97,-2.54,-10.0,26.66,28.544,27.94,359460.65,385903.18,351970.51,3.17
2016-02-26,26.04,26.48,25.4,24.8,337449.62,-1.02,-3.86,28.138,29.02,28.325,377340.76,373001.81,349916.06,3.34
2016-02-25,29.0,29.25,26.42,26.42,450077.16,-2.94,-10.01,29.088,29.291,28.553,413236.11,362191.92,348675.42,4.46
2016-02-24,29.16,29.9,29.36,28.38,323542.41,0.1,0.34,29.914,29.568,28.681,408012.24,350631.03,344937.11,3.21
2016-02-23,30.3,30.3,29.26,28.74,366543.09,-0.99,-3.27,30.204,29.412,28.742,424464.65,343908.41,350485.71,3.63
2016-02-22,30.3,30.47,30.25,29.72,409091.5,0.1,0.33,30.428,29.267,28.837,412345.71,341303.57,358859.6,4.05
2016-02-19,29.55,30.25,30.15,28.78,516926.41,-0.4,-1.31,29.902,28.905,28.831,368662.87,328630.07,363893.33,5.12
2016-02-18,31.2,32.21,30.55,30.38,423957.78,-0.26,-0.84,29.494,28.648,28.709,311147.73,316629.98,354614.01,4.2
2016-02-17,30.75,31.1,30.81,29.81,405804.47,0.43,1.42,29.222,28.1,28.663,293249.82,304718.33,355393.78,4.02
2016-02-16,27.99,30.38,30.38,27.91,305948.38,2.76,9.99,28.62,27.624,28.528,263352.17,310748.45,353776.56,3.03
2016-02-15,26.9,27.97,27.62,26.63,190677.3,-0.49,-1.74,28.106,27.336,28.539,270261.43,318037.84,360574.26,1.89
2016-02-05,29.1,29.17,28.11,28.11,229350.72,-1.08,-3.7,27.908,27.63,28.613,288597.27,326830.3,370376.01,2.27
2016-02-04,28.12,29.49,29.19,27.99,334468.25,1.39,5.0,27.802,27.814,28.824,322112.24,335158.92,386631.58,3.31
2016-02-03,27.44,28.04,27.8,26.85,256316.22,-0.01,-0.04,26.978,27.794,29.071,316186.83,339243.19,373658.77,2.54
2016-02-02,26.66,28.64,27.81,26.66,340494.66,1.18,4.43,26.628,28.072,29.576,358144.73,357063.01,380128.28,3.37
2016-02-01,27.5,27.65,26.63,26.0,282356.5,-0.95,-3.44,26.566,28.407,30.051,365814.25,376415.63,387693.22,2.8
2016-01-29,25.0,27.58,27.58,24.83,396925.56,2.51,10.01,27.352,28.756,30.792,365063.34,399156.58,387854.14,3.93
2016-01-28,25.48,26.64,25.07,24.8,304841.22,-0.98,-3.76,27.826,28.77,31.716,348205.61,392598.04,380113.91,3.02
2016-01-27,27.65,27.98,26.05,24.75,466105.69,-1.45,-5.27,28.61,29.226,32.803,362299.54,406069.24,376381.31,4.62
2016-01-26,30.0,30.08,27.5,27.5,378842.28,-3.06,-10.01,29.516,29.431,33.839,355981.29,396804.66,372641.98,3.75
2016-01-25,30.42,30.93,30.56,30.0,278601.94,0.61,2.04,30.248,29.742,34.814,387017.01,403110.68,387959.1,2.76
2016-01-22,29.4,30.2,29.95,28.8,312636.91,0.96,3.31,30.16,29.596,35.576,433249.83,413921.72,403561.76,3.1
2016-01-21,30.19,30.97,28.99,28.9,375310.88,-1.59,-5.2,29.714,29.834,36.16,436990.48,438104.23,396505.38,3.72
2016-01-20,31.18,31.95,30.58,30.13,434514.44,-0.58,-1.86,29.842,30.347,36.801,449838.93,408074.35,387286.42,4.31
2016-01-19,29.8,31.6,31.16,29.28,534020.88,1.04,3.45,29.346,31.08,37.411,437628.03,403193.55,373938.65,5.29
2016-01-18,27.0,30.49,30.12,26.8,509766.03,2.4,8.66,29.236,31.695,38.006,419204.35,398970.81,356550.86,5.05
2016-01-15,29.05,29.46,27.72,27.4,331340.16,-1.91,-6.45,29.032,32.828,38.63,394593.62,376551.69,342845.29,3.28
2016-01-14,26.9,30.35,29.63,26.5,439553.16,1.53,5.45,29.954,34.662,39.401,439217.98,367629.78,342546.03,4.36
2016-01-13,30.61,31.15,28.1,28.0,373459.94,-2.51,-8.2,30.852,36.379,40.014,366309.77,346693.38,331091.01,3.7
2016-01-12,30.06,31.84,30.61,29.01,441902.44,1.51,5.19,32.814,38.247,40.705,368759.06,348479.3,324206.2,4.38
2016-01-11,30.78,31.52,29.1,29.1,386712.38,-3.23,-9.99,34.154,39.886,41.223,378737.27,372807.52,313555.78,3.83
2016-01-08,33.88,34.82,32.33,30.71,554462.0,-1.79,-5.25,36.624,41.555,41.83,358509.76,393201.81,303000.88,5.49
2016-01-07,36.67,36.85,34.12,34.12,75012.08,-3.79,-10.0,39.37,42.485,42.33,296041.57,354906.52,293098.02,0.74
2016-01-06,37.39,38.08,37.91,36.05,385706.41,0.6,1.61,41.906,43.255,42.658,327077.0,366498.49,302306.44,3.82
2016-01-05,37.5,39.9,37.31,37.31,491793.47,-4.14,-9.99,43.68,43.742,42.865,328199.53,344683.74,292602.16,4.87
2016-01-04,46.08,46.48,41.45,41.45,285574.84,-4.61,-10.01,45.618,44.317,43.137,366877.76,314130.91,282595.81,2.83
2015-12-31,47.01,47.79,46.06,45.88,242121.06,-0.74,-1.58,46.486,44.431,43.133,427893.86,309138.88,282438.93,2.4
2015-12-30,46.45,47.4,46.8,46.02,230189.23,0.02,0.04,45.6,44.14,42.964,413771.47,317462.28,283334.48,2.3
2015-12-29,47.0,48.5,46.78,45.68,391319.06,-0.22,-0.47,44.604,43.649,42.714,405919.98,315488.63,286693.28,3.91
2015-12-28,46.64,48.6,47.0,45.02,685184.62,1.21,2.64,43.804,43.162,42.455,361167.95,299933.1,295662.62,6.85
2015-12-25,41.75,45.79,45.79,41.3,590655.31,4.16,9.99,43.016,42.56,42.309,261384.05,254304.05,300724.51,5.9
2015-12-24,41.85,41.86,41.63,40.5,171509.12,-0.19,-0.45,42.376,42.104,42.467,190383.91,212799.95,291954.69,1.71
2015-12-23,42.63,42.94,41.82,41.7,190931.77,-0.96,-2.24,42.68,42.174,43.032,221153.1,231289.51,314911.63,1.91
2015-12-22,43.0,43.17,42.78,42.45,167558.95,-0.28,-0.65,42.694,42.06,43.45,225057.28,238114.4,316946.3,1.67
2015-12-21,42.6,43.67,43.06,42.4,186265.12,0.47,1.1,42.52,41.988,43.8,238698.25,240520.57,319099.93,1.86
2015-12-18,43.3,43.92,42.59,42.4,235654.59,-0.56,-1.3,42.104,41.957,44.115,247224.04,251060.72,324738.58,2.35
2015-12-17,42.3,43.69,43.15,42.05,325355.06,1.26,3.01,41.832,41.835,44.54,235216.0,255738.97,333153.31,3.25
2015-12-16,42.06,42.51,41.89,41.28,210452.66,-0.02,-0.05,41.668,41.788,44.84,241425.92,249206.67,327562.16,2.1
2015-12-15,41.09,42.7,41.91,40.9,235763.81,0.93,2.27,41.426,41.779,45.14,251171.52,257897.94,332652.36,2.36
2015-12-14,40.23,41.19,40.98,39.95,228894.09,-0.25,-0.61,41.456,41.749,45.544,242342.9,291392.14,339889.74,2.29
2015-12-11,41.98,41.98,41.23,41.2,175614.36,-1.1,-2.6,41.81,42.057,46.113,254897.4,347144.98,346099.49,1.75
2015-12-10,40.85,42.8,42.33,40.01,356404.69,1.65,4.06,41.838,42.829,46.627,276261.94,371109.43,365590.52,3.56
2015-12-09,42.01,42.4,40.68,40.1,259180.66,-1.38,-3.28,41.908,43.89,46.975,256987.42,398533.75,363172.36,2.59
2015-12-08,42.08,42.55,42.06,41.55,191620.69,-0.69,-1.61,42.132,44.84,47.436,264624.35,395778.19,365910.89,1.91
2015-12-07,41.88,43.12,42.75,41.2,291666.59,1.38,3.34,42.042,45.611,47.824,340441.38,397679.28,376637.13,2.91
2015-12-04,42.3,42.8,41.37,40.87,282437.06,-1.31,-3.07,42.304,46.272,48.235,439392.56,398416.43,386301.91,2.82
2015-12-03,41.84,42.91,42.68,41.51,260032.09,0.88,2.1,43.82,47.245,48.705,465956.92,410567.65,398103.94,2.6
2015-12-02,41.32,43.18,41.8,40.8,297365.34,0.19,0.46,45.872,47.892,48.931,540080.07,405917.64,406277.23,2.97
2015-12-01,43.5,44.05,41.61,40.56,570705.81,-2.45,-5.56,47.548,48.5,49.284,526932.03,407406.78,417594.81,5.7
2015-11-30,48.95,49.3,44.06,44.06,786422.5,-4.89,-9.99,49.18,49.339,49.553,454917.19,388387.34,413591.31,7.86
2015-11-27,52.0,52.7,48.95,48.18,415258.84,-3.99,-7.54,50.24,50.169,49.59,357440.3,345054.01,399255.59,4.15
2015-11-26,50.02,54.95,52.94,49.98,630647.88,2.76,5.5,50.67,50.424,49.382,355178.39,360071.6,402553.28,6.3
2015-11-25,49.6,50.69,50.18,49.01,231625.12,0.41,0.82,49.912,50.06,49.12,271755.21,327810.97,390780.11,2.31
2015-11-24,49.03,50.56,49.77,48.18,210631.59,0.41,0.83,49.452,50.032,49.06,287881.53,336043.59,402151.41,2.1
2015-11-23,50.56,51.1,49.36,48.65,299038.09,-1.74,-3.4,49.498,50.036,49.144,321857.49,355594.97,422651.02,2.99
2015-11-20,50.0,52.5,51.1,49.5,403949.28,1.95,3.97,50.098,50.199,49.334,332667.71,374187.39,459053.62,4.04
2015-11-19,48.0,49.49,49.15,47.5,213531.98,1.27,2.65,50.178,50.164,49.282,364964.82,385640.23,529721.63,2.13
2015-11-18,50.04,50.75,47.88,47.5,312256.72,-2.12,-4.24,50.208,49.97,49.491,383866.74,406636.82,519227.63,3.12
2015-11-17,52.77,53.29,50.0,49.85,380511.38,-2.36,-4.51,50.612,50.067,50.06,384205.64,427782.83,503716.75,3.8
2015-11-16,50.81,53.68,52.36,50.05,353089.19,0.86,1.67,50.574,49.767,50.852,389332.45,438795.27,484782.43,3.53
2015-11-13,49.0,53.0,51.5,47.58,565434.81,2.2,4.46,50.3,49.01,51.891,415707.08,453457.18,492494.02,5.65
2015-11-12,50.47,50.47,49.3,48.37,308041.59,-0.6,-1.2,50.15,48.339,52.641,406315.64,445034.95,485331.94,3.08
2015-11-11,50.44,51.48,49.9,49.06,313951.25,0.09,0.18,49.732,48.179,53.652,429406.89,453749.24,493135.49,3.14
2015-11-10,50.3,50.9,49.81,48.56,406145.41,-1.18,-2.31,49.522,48.087,54.691,471360.02,468259.24,497485.89,4.06
2015-11-09,50.0,52.28,50.99,49.55,484962.34,0.24,0.47,48.96,48.251,55.413,488258.09,489707.07,502575.84,4.85
2015-11-06,47.08,51.8,50.75,47.08,518477.59,3.54,7.5,47.72,48.469,55.784,491207.28,543919.84,498834.25,5.18
2015-11-05,48.58,49.07,47.21,47.12,423497.88,-1.64,-3.36,46.528,48.399,56.296,483754.26,673803.04,493603.46,4.23
2015-11-04,47.2,49.2,48.85,46.3,523716.88,1.85,3.94,46.626,49.011,56.985,478091.58,631818.45,498060.03,5.23
2015-11-03,45.5,47.65,47.0,44.43,490635.78,2.21,4.93,46.652,50.052,57.588,465158.46,579650.67,496903.99,4.9
2015-11-02,42.88,47.8,44.79,42.51,499708.28,0.0,0.0,47.542,51.936,58.016,491156.05,530769.59,488509.27,4.99
2015-10-30,47.05,47.05,44.79,44.12,481212.5,-2.91,-6.1,49.218,54.772,58.301,596632.39,531530.86,485318.8,4.81
2015-10-29,48.98,49.62,47.7,47.02,395184.44,-1.28,-2.61,50.27,56.943,58.489,863851.82,525628.93,487477.04,3.95
2015-10-28,51.0,52.48,48.98,48.61,459051.28,-2.47,-4.8,51.396,59.125,58.475,785545.33,532521.75,498426.19,4.59
2015-10-27,51.9,53.0,51.45,49.11,620623.75,-1.72,-3.23,53.452,61.295,58.229,694142.87,526712.54,501533.07,6.2
2015-10-26,49.08,54.5,53.17,47.9,1027090.0,3.12,6.23,56.33,62.575,57.816,570383.12,515444.6,499564.48,10.26
2015-10-23,48.0,52.88,50.05,48.0,1817309.62,-3.28,-6.15,60.326,63.099,57.121,466429.33,453748.66,471649.41,18.16
2015-10-22,53.33,53.33,53.33,53.33,3652.0,-5.93,-10.01,63.616,64.193,56.403,187406.05,313403.88,396221.25,0.04
2015-10-21,59.26,59.26,59.26,59.26,2039.0,-6.58,-9.99,66.854,64.96,55.622,279498.17,364301.61,414638.48,0.02
2015-10-20,65.84,65.84,65.84,65.84,1825.0,-7.31,-9.99,69.138,65.124,54.505,359282.2,414157.32,431410.57,0.02
2015-05-29,67.4,73.15,73.15,67.4,507321.03,6.65,10.0,68.82,64.095,53.051,460506.08,446248.95,444182.89,5.07
2015-05-28,69.5,71.1,66.5,66.0,422193.22,-3.02,-4.34,65.872,61.83,51.274,441067.99,439106.73,436828.6,4.22
2015-05-27,71.89,74.78,69.52,67.92,464112.59,-1.16,-1.64,64.77,60.035,49.877,439401.7,449325.14,437485.87,4.64
2015-05-26,66.0,70.68,70.68,64.3,400959.16,6.43,10.01,63.066,57.825,48.262,449105.06,464330.64,447441.1,4.01
2015-05-25,56.31,64.25,64.25,56.03,507944.38,5.84,10.0,61.11,55.162,46.495,469032.44,476353.6,453170.01,5.08
2015-05-22,61.35,62.25,58.41,57.16,410130.62,-2.58,-4.23,59.37,53.057,44.919,431991.82,483684.37,446244.63,4.1
2015-05-21,60.0,62.0,60.99,58.16,413861.75,-0.01,-0.02,57.788,51.143,43.662,437145.47,489550.16,442075.72,4.14
2015-05-20,60.95,63.51,61.0,58.9,512629.38,0.1,0.16,55.3,48.614,42.278,459248.58,479038.63,439133.02,5.12
2015-05-19,57.3,61.11,60.9,56.0,500596.09,5.35,9.63,52.584,46.284,40.837,479556.22,464975.34,432168.58,5.0
2015-05-18,50.6,55.55,55.55,50.6,322741.25,5.05,10.0,49.214,43.886,39.292,483674.76,448663.81,430229.07,3.23
2015-05-15,47.85,53.26,50.5,46.3,435898.88,1.95,4.02,46.744,42.007,38.119,535376.92,442116.84,429519.57,4.36
2015-05-14,48.0,49.96,48.55,45.5,524377.31,1.13,2.38,44.498,40.717,37.214,541954.85,434550.47,422947.33,5.24
2015-05-13,42.81,48.46,47.42,42.32,614167.56,3.37,7.65,41.928,39.719,36.411,498828.67,425646.6,417373.94,6.14
2015-05-12,43.68,44.88,44.05,42.26,521188.78,0.85,1.97,39.984,38.699,35.804,450394.47,430551.56,405806.42,5.21
2015-05-11,39.6,43.2,43.2,39.6,581252.06,3.93,10.01,38.558,37.827,35.422,413652.86,429986.42,396264.63,5.81
2015-05-08,36.5,39.27,39.27,36.5,468788.56,3.57,10.0,37.27,36.78,35.082,348856.75,408804.89,383759.37,4.69
2015-05-07,37.5,38.53,35.7,35.0,308746.38,-2.0,-5.3,36.936,36.181,34.909,327146.09,394601.28,383132.55,3.09
2015-05-06,36.8,39.15,37.7,36.8,371996.56,0.78,2.11,37.51,35.941,34.946,352464.53,399227.42,392537.97,3.72
2015-05-05,36.69,38.58,36.92,36.03,337480.75,0.16,0.43,37.414,35.389,34.927,410708.65,399361.82,399323.65,3.38
2015-05-04,37.04,37.5,36.76,36.0,257271.52,-0.84,-2.23,37.096,34.698,34.777,446319.99,411794.33,402198.64,2.58
2015-04-30,38.83,39.1,37.6,37.0,360235.22,-0.97,-2.52,36.29,34.231,34.598,468753.03,416922.3,411344.42,3.61
2015-04-29,37.97,39.3,38.57,37.35,435338.59,1.35,3.63,35.426,33.71,34.345,462056.48,411344.2,413047.26,4.36
2015-04-28,35.41,38.68,37.22,35.41,663217.19,1.89,5.35,34.372,33.103,33.992,445990.31,409101.27,408715.47,6.65
2015-04-27,32.9,35.9,35.33,32.9,515537.41,2.6,7.94,33.364,32.908,33.721,388014.98,381061.28,391663.82,5.17
2015-04-24,32.48,33.1,32.73,31.81,369436.72,-0.55,-1.65,32.3,33.016,33.559,377268.68,362542.84,383952.09,3.7
2015-04-23,33.53,33.87,33.28,32.59,326752.5,-0.02,-0.06,32.172,33.383,33.459,365091.56,358713.86,390198.08,3.27
2015-04-22,33.01,34.5,33.3,32.98,355007.72,1.12,3.48,31.994,33.637,33.427,360631.91,371663.82,395238.06,3.56
2015-04-21,30.02,32.32,32.18,30.01,373340.53,2.17,7.23,31.834,33.95,33.435,372212.24,385848.52,415492.05,3.74
2015-04-20,31.89,31.89,30.01,29.9,461805.91,-2.08,-6.48,32.452,34.464,33.447,374107.58,399285.48,429285.73,4.63
2015-04-17,33.48,33.5,32.09,31.95,308551.16,-0.3,-0.93,33.732,34.856,33.453,347817.01,392602.94,440554.93,3.09
2015-04-16,31.55,33.58,32.39,31.16,304454.25,-0.11,-0.34,34.594,34.966,33.293,352336.15,405766.54,443882.73,3.05
2015-04-15,35.1,35.1,32.5,31.8,412909.34,-2.77,-7.85,35.28,34.979,33.132,382695.73,414750.32,450838.93,4.14
2015-04-14,36.3,36.3,35.27,34.61,382817.25,-1.14,-3.13,36.066,34.881,32.96,399484.79,408329.67,453875.79,3.84
2015-04-13,36.08,37.25,36.41,35.5,330353.06,0.01,0.03,36.476,34.534,32.667,424463.37,402266.35,461519.41,3.31
2015-04-10,35.98,37.5,36.4,35.82,331146.84,0.58,1.62,35.98,34.101,32.246,437388.87,405361.34,463066.74,3.32
2015-04-09,36.12,36.4,35.82,33.79,456252.16,-0.61,-1.67,35.338,33.534,31.797,459196.92,421682.3,467071.73,4.57
2015-04-08,38.2,38.48,36.43,35.28,496854.66,-0.89,-2.38,34.678,33.217,31.411,446804.91,418812.3,471846.33,4.98
2015-04-07,33.95,37.32,37.32,33.93,507710.12,3.39,9.99,33.696,32.92,31.067,417174.54,445135.58,474721.15,5.09
2015-04-03,32.95,34.22,33.93,32.51,394980.56,0.74,2.23,32.592,32.43,30.565,380069.34,459285.99,471101.32,3.96
2015-04-02,33.5,34.84,33.19,33.08,440187.12,0.67,2.06,32.222,32.049,30.203,373333.81,488506.92,487068.9,4.41
2015-04-01,31.5,33.08,32.52,31.48,394292.09,1.0,3.17,31.73,31.62,30.026,384167.67,481998.92,489984.43,3.95
2015-03-31,31.5,32.19,31.52,30.79,348702.81,-0.28,-0.88,31.756,31.284,29.896,390819.68,486927.55,499273.61,3.49
2015-03-30,32.11,32.98,31.8,31.4,322184.12,-0.28,-0.87,32.144,31.039,29.788,473096.62,499421.92,507897.15,3.23
2015-03-27,30.73,32.5,32.08,30.6,361302.91,1.35,4.39,32.268,30.799,29.728,538502.64,520772.46,529034.94,3.62
2015-03-26,32.6,33.29,30.73,30.01,494356.44,-1.92,-5.88,31.876,30.391,29.552,603680.02,520772.15,542616.62,4.95
2015-03-25,33.2,33.22,32.65,32.0,427552.12,-0.81,-2.42,31.51,30.059,29.313,579830.17,512461.16,547927.47,4.29
2015-03-24,32.5,34.42,33.46,31.0,760087.5,1.04,3.21,30.812,29.604,28.996,583035.41,524880.37,561171.93,7.62
2015-03-23,29.98,33.06,32.42,29.66,649214.25,2.3,7.64,29.934,29.213,28.678,525747.22,504306.72,523820.0,6.51
2015-03-20,28.9,30.66,30.12,28.78,687189.81,1.22,4.22,29.33,28.7,28.414,503042.29,482916.65,521103.39,6.89
2015-03-19,29.0,29.25,28.9,28.38,375107.19,-0.26,-0.89,28.906,28.357,28.141,437864.27,485630.88,509880.43,3.76
2015-03-18,28.89,29.65,29.16,28.2,443578.31,0.09,0.31,28.608,28.432,27.841,445092.15,497969.93,513506.99,4.45
2015-03-17,29.39,29.98,29.07,28.55,473646.56,-0.33,-1.12,28.396,28.507,27.52,466725.34,511619.67,507120.92,4.75
2015-03-16,28.5,30.0,29.4,28.39,535689.56,1.4,5.0,28.492,28.537,27.212,482866.21,516372.38,513120.55,5.37
2015-03-13,27.46,28.6,28.0,27.22,361299.72,0.59,2.15,28.07,28.657,26.841,462791.02,537297.42,510846.01,3.62
2015-03-12,28.4,28.42,27.41,26.11,411246.59,-0.69,-2.46,27.808,28.712,26.45,533397.49,564461.1,511082.59,4.12
2015-03-11,29.39,29.56,28.1,27.22,551744.25,-1.45,-4.91,28.256,28.566,26.116,550847.71,583393.78,517748.77,5.53
2015-03-10,27.37,29.93,29.55,26.92,554350.94,2.26,8.28,28.618,28.387,25.807,556514.01,597463.48,535251.0,5.56
2015-03-09,26.38,27.95,27.29,25.99,435313.59,0.6,2.25,28.582,28.142,25.357,549878.55,543333.28,551983.09,4.36
2015-03-06,29.48,29.5,26.69,26.69,714332.06,-2.96,-9.98,29.244,28.127,24.983,611803.82,559290.12,548517.32,7.16
2015-03-05,29.59,30.78,29.65,28.8,498497.69,-0.26,-0.87,29.616,27.925,24.549,595524.72,534129.99,529268.24,5.0
2015-03-04,29.2,30.79,29.91,28.91,580075.75,0.54,1.84,28.876,27.25,23.97,615939.86,529044.05,527560.65,5.81
2015-03-03,30.15,30.5,29.37,29.2,521173.66,-1.23,-4.02,28.156,26.533,23.435,638412.95,502622.17,517525.01,5.22
2015-03-02,29.43,31.11,30.6,28.71,744939.94,2.05,7.18,27.702,25.886,22.916,536788.02,509868.72,521224.07,7.47
2015-02-27,26.01,28.55,28.55,25.6,632936.56,2.6,10.02,27.01,25.025,22.379,506776.43,484394.6,518131.85,6.34
2015-02-26,26.31,27.48,25.95,25.02,600573.38,-0.36,-1.37,26.234,24.187,21.934,472735.26,457704.08,537060.42,6.02
2015-02-25,28.1,28.8,26.31,26.01,692441.19,-0.83,-3.06,25.624,23.665,21.566,442148.23,452103.76,557513.98,6.94
2015-02-24,27.14,27.3,27.1,25.36,13049.01,-0.04,-0.15,24.91,23.226,21.207,366831.4,473038.53,582558.61,0.13
2015-02-17,25.12,27.14,27.14,24.12,594882.0,2.47,10.01,24.07,22.571,20.801,482949.43,560632.89,631756.32,5.96
2015-02-16,23.05,24.8,24.67,23.0,462730.72,1.77,7.73,23.04,21.838,20.307,462012.77,537744.52,625768.67,4.64
2015-02-13,22.86,23.97,22.9,22.8,447638.25,0.16,0.7,22.14,21.172,19.857,442672.91,524406.5,647056.17,4.49
2015-02-12,22.9,23.2,22.74,22.47,315857.0,-0.16,-0.7,21.706,20.69,19.505,462059.28,526077.26,681535.34,3.17
2015-02-11,22.03,23.68,22.9,21.86,593639.19,0.91,4.14,21.542,20.337,19.113,579245.67,532427.84,680255.4,5.95
2015-02-10,20.19,22.1,21.99,19.82,490198.69,1.82,9.02,21.072,19.946,18.702,638316.36,532579.42,673970.28,4.91
2015-02-09,20.53,21.25,20.17,19.82,366031.41,-0.56,-2.7,20.636,19.733,18.384,613476.27,551869.1,678429.38,3.67
2015-02-06,21.66,22.1,20.73,20.45,544570.12,-1.19,-5.43,20.204,19.681,18.124,606140.09,616416.77,678330.85,5.46
2015-02-05,20.58,22.61,21.92,20.4,901788.94,1.37,6.67,19.674,19.467,17.815,590095.24,662924.2,667217.56,9.04
2015-02-04,20.59,21.58,20.55,20.06,888992.62,0.74,3.73,19.132,19.188,17.469,485610.02,692078.68,644562.64,8.91
2015-02-03,18.11,19.81,19.81,18.11,365998.25,1.8,9.99,18.82,19.031,17.202,426842.48,702879.75,631803.7,3.67
2015-02-02,17.61,18.65,18.01,17.57,329350.5,-0.07,-0.39,18.83,18.775,16.944,490261.93,713792.83,632506.14,3.3
2015-01-30,19.18,19.33,18.08,18.08,464345.91,-1.13,-5.88,19.158,18.542,16.773,626693.44,769705.85,634834.19,4.65
2015-01-29,18.64,19.55,19.21,18.56,379362.81,0.22,1.16,19.26,18.319,16.612,735753.15,836993.42,633098.36,3.8
2015-01-28,19.8,20.25,18.99,18.76,595154.94,-0.87,-4.38,19.244,17.888,16.379,898547.34,828082.96,638525.73,5.96
2015-01-27,19.6,20.36,19.86,19.25,683095.5,0.21,1.07,19.242,17.458,16.159,978917.03,815361.13,634064.97,6.85
2015-01-26,18.5,20.2,19.65,18.33,1011508.06,1.06,5.7,18.72,17.035,15.843,937323.72,804989.66,615905.3,10.14
2015-01-23,19.05,20.15,18.59,18.5,1009644.44,-0.54,-2.82,17.926,16.566,15.535,912718.26,740244.93,575656.16,10.12
2015-01-22,19.9,20.12,19.13,18.88,1193333.75,0.15,0.79,17.378,16.162,15.275,938233.69,671510.93,540227.94,11.96
2015-01-21,18.4,18.98,18.98,18.2,997003.38,1.73,10.03,16.532,15.749,14.968,757618.58,597046.6,498756.86,9.99
2015-01-20,15.93,17.25,17.25,15.75,475128.97,1.57,10.01,15.674,15.373,14.693,651805.24,560727.65,477774.24,4.76
2015-01-19,15.2,16.66,15.68,15.08,888480.75,-0.17,-1.07,15.35,15.112,14.578,672655.59,551219.45,484201.68,8.9
2015-01-16,14.9,16.39,15.85,14.72,1137221.62,0.95,6.38,15.206,15.004,14.57,567771.61,499962.52,490052.65,11.4
2015-01-15,14.77,15.02,14.9,14.52,290258.19,0.21,1.43,14.946,14.905,14.515,404788.16,429203.29,480765.39,2.91
2015-01-14,15.55,15.7,14.69,14.64,467936.66,-0.94,-6.01,14.966,14.869,14.46,436474.61,448968.5,499384.91,4.69
2015-01-13,14.94,15.78,15.63,14.8,579380.75,0.67,4.48,15.072,14.859,14.442,469650.07,452768.81,517274.1,5.81
2015-01-12,14.4,15.25,14.96,14.4,364060.81,0.41,2.82,14.874,14.651,14.364,429783.3,426820.95,530984.49,3.65
2015-01-09,14.93,15.29,14.55,14.55,322304.38,-0.45,-3.0,14.802,14.503,14.262,432153.44,411067.38,529876.69,3.23
2015-01-08,15.04,15.56,15.0,14.9,448690.47,-0.22,-1.45,14.864,14.388,14.156,453618.43,408944.96,526731.61,4.5
2015-01-07,14.7,15.48,15.22,14.26,633813.94,0.58,3.96,14.772,14.186,14.005,461462.38,400467.12,527562.23,6.35
2015-01-06,14.6,15.1,14.64,14.49,380046.88,0.04,0.27,14.646,14.012,13.893,435887.54,394820.83,521131.17,3.81
2015-01-05,15.05,15.22,14.6,14.31,375911.53,-0.26,-1.75,14.428,14.043,13.783,423858.6,417183.91,522990.06,3.77
2014-12-31,14.54,15.2,14.86,14.37,429629.31,0.32,2.2,14.204,14.135,13.7,389981.32,480142.77,528345.68,4.31
2014-12-30,14.45,14.96,14.54,14.06,487910.25,-0.05,-0.34,13.912,14.124,13.611,364271.49,532327.49,533088.3,4.95
2014-12-29,13.64,14.69,14.59,13.41,505939.75,1.04,7.67,13.6,14.051,13.523,339471.86,549801.32,526049.28,5.13
2014-12-26,13.39,13.79,13.55,13.16,319902.16,0.07,0.52,13.378,14.025,13.437,353754.11,581779.39,519198.56,3.24
2014-12-25,13.42,13.64,13.48,13.34,206525.12,0.08,0.6,13.658,14.077,13.429,410509.22,635148.03,514961.64,2.09
2014-12-24,13.07,13.87,13.4,13.07,301080.19,0.42,3.24,14.066,14.021,13.424,570304.22,648686.01,519105.56,3.05
2014-12-23,13.61,13.87,12.98,12.88,363912.06,-0.5,-3.71,14.336,13.924,13.425,700383.49,644518.26,528072.68,3.69
2014-12-22,14.64,14.76,13.48,13.46,577351.0,-1.47,-9.83,14.502,13.824,13.466,760130.77,654657.33,524367.67,5.85
2014-12-19,15.6,15.6,14.95,14.82,603677.75,-0.57,-3.67,14.672,13.774,13.467,809804.67,647441.52,507101.29,6.12
2014-12-18,14.6,16.0,15.52,14.5,1005500.12,0.77,5.22,14.496,13.523,13.392,859786.84,628796.2,486594.32,10.2
2014-12-17,13.65,14.97,14.75,13.28,951476.5,0.94,6.81,13.976,13.265,13.295,727067.79,576548.6,444230.29,9.65
2014-12-16,14.15,14.25,13.81,13.67,662648.5,-0.52,-3.63,13.512,13.097,13.244,588653.03,533849.11,408707.57,6.72
2014-12-15,14.08,14.9,14.33,14.08,825720.5,0.26,1.85,13.146,12.995,13.237,549183.89,502297.25,388299.16,8.37
2014-12-12,13.15,14.2,14.07,12.89,853588.56,1.15,8.9,12.876,12.849,13.189,485078.36,456617.73,359073.16,8.66
2014-12-11,12.37,12.99,12.92,12.25,341904.88,0.49,3.94,12.55,12.78,13.134,397805.57,394775.25,326608.18,3.47
2014-12-10,11.85,12.51,12.43,11.8,259402.73,0.45,3.76,12.554,12.826,13.143,426029.41,389525.12,327122.15,2.63
2014-12-09,12.98,13.11,11.98,11.92,465302.78,-1.0,-7.7,12.682,12.925,13.209,479045.18,411627.11,326759.07,4.72
2014-12-08,12.48,13.15,12.98,12.25,505192.84,0.54,4.34,12.844,13.108,13.296,455410.62,394078.0,331978.62,5.12
2014-12-05,12.95,13.0,12.44,12.3,417224.62,-0.5,-3.86,12.822,13.159,13.402,428157.09,366761.06,326838.14,4.23
2014-12-04,13.03,13.27,12.94,12.8,483024.06,-0.13,-0.99,13.01,13.261,13.541,391744.94,344392.43,331922.23,4.9
2014-12-03,12.7,13.08,13.07,12.34,524481.62,0.28,2.19,13.098,13.325,13.623,353020.84,311911.98,316899.34,5.32
2014-12-02,12.87,13.09,12.79,12.66,347129.94,-0.08,-0.62,13.168,13.39,13.704,344209.04,283566.02,306292.59,3.52
2014-12-01,13.4,13.49,12.87,12.82,368925.22,-0.51,-3.81,13.372,13.479,13.789,332745.39,274301.08,306624.22,3.74
2014-11-28,13.38,13.57,13.38,13.35,235163.84,0.0,0.0,13.496,13.528,13.884,305365.04,261528.6,309236.95,2.38
2014-11-27,13.38,13.57,13.38,13.31,289403.56,-0.04,-0.3,13.512,13.488,13.96,297039.93,258441.11,332079.99,2.93
2014-11-26,13.61,13.68,13.42,13.02,480422.62,-0.39,-2.82,13.552,13.459,14.081,270803.12,264719.17,343070.62,4.87
2014-11-25,13.5,13.94,13.81,13.41,289811.72,0.32,2.37,13.612,13.493,14.215,222923.01,241891.04,360829.13,2.94
2014-11-24,13.66,13.75,13.49,13.46,232023.44,0.03,0.22,13.586,13.484,14.236,215856.76,269879.23,364566.88,2.35
2014-11-21,13.49,13.67,13.46,13.3,193538.3,-0.12,-0.88,13.56,13.645,14.278,217692.16,286915.22,371930.41,1.96
2014-11-20,13.69,13.69,13.58,13.41,158219.52,-0.14,-1.02,13.464,13.821,14.326,219842.29,319452.03,382424.06,1.6
2014-11-19,13.63,13.88,13.72,13.4,241022.08,0.04,0.29,13.366,13.92,14.373,258635.23,321886.7,396436.85,2.44
2014-11-18,13.32,13.96,13.68,13.21,254480.45,0.32,2.4,13.374,14.017,14.416,260859.07,329019.15,406797.83,2.58
2014-11-17,13.16,13.65,13.36,12.91,241200.44,0.38,2.93,13.382,14.099,14.469,323901.7,338947.36,417677.64,2.45
2014-11-14,13.01,13.22,12.98,12.8,204288.94,-0.11,-0.84,13.73,14.24,14.554,356138.27,356945.3,431252.81,2.07
2014-11-13,13.77,13.81,13.09,13.04,352184.22,-0.67,-4.87,14.178,14.431,14.685,419061.77,405718.87,450166.47,3.57
2014-11-12,13.65,13.94,13.76,13.4,252141.28,0.04,0.29,14.474,14.702,14.83,385138.18,421422.07,459073.95,2.56
2014-11-11,15.16,15.23,13.72,13.59,569693.62,-1.38,-9.14,14.66,14.937,14.937,397179.23,479767.21,479767.21,5.78
2014-11-10,15.21,15.34,15.1,14.79,402383.31,-0.12,-0.79,14.816,15.072,15.072,353993.02,469775.39,469775.39,4.08
2014-11-07,14.58,15.27,15.22,14.4,518906.44,0.65,4.46,14.75,15.069,15.069,357752.32,478199.4,478199.4,5.26
2014-11-06,14.78,14.78,14.57,14.45,182566.25,-0.12,-0.82,14.684,15.047,15.047,392375.96,472384.11,472384.11,1.85
2014-11-05,14.44,14.81,14.69,14.17,312346.53,0.19,1.31,14.93,15.127,15.127,457705.95,520687.09,520687.09,3.17
2014-11-04,14.81,14.87,14.5,14.32,353762.56,-0.27,-1.83,15.214,15.214,15.214,562355.2,562355.2,562355.2,3.59
2014-11-03,14.8,15.07,14.77,14.52,421179.84,-0.12,-0.81,15.393,15.393,15.393,614503.36,614503.36,614503.36,4.27
2014-10-31,15.9,15.98,14.89,14.75,692024.62,-0.91,-5.76,15.6,15.6,15.6,678944.53,678944.53,678944.53,7.02
2014-10-30,16.0,16.19,15.8,15.66,509216.22,-0.31,-1.92,15.955,15.955,15.955,672404.49,672404.49,672404.49,5.16
2014-10-29,15.46,16.5,16.11,15.25,835592.75,0.7,4.54,16.11,16.11,16.11,835592.75,835592.75,835592.75,8.47
